"id","itemid","req_level","req_maker_level","req_meso","req_item","req_equip","catalyst","quantity","tuc"
0,4250000,45,1,110000,0,0,0,1,0
0,4250100,45,1,110000,0,0,0,1,0
0,4250200,45,1,110000,0,0,0,1,0
0,4250300,45,1,110000,0,0,0,1,0
0,4250400,45,1,110000,0,0,0,1,0
0,4250500,45,1,110000,0,0,0,1,0
0,4250600,45,1,110000,0,0,0,1,0
0,4250700,45,1,110000,0,0,0,1,0
0,4250800,45,1,110000,0,0,0,1,0
0,4250900,45,1,110000,0,0,0,1,0
0,4251000,45,1,110000,0,0,0,1,0
0,4251100,45,1,110000,0,0,0,1,0
0,4251300,75,2,164000,0,0,0,1,0
0,4251400,75,2,164000,0,0,0,1,0
0,4250001,45,1,328000,0,0,0,1,0
0,4250101,45,1,328000,0,0,0,1,0
0,4250201,45,1,328000,0,0,0,1,0
0,4250301,45,1,328000,0,0,0,1,0
0,4250401,45,1,328000,0,0,0,1,0
0,4250501,45,1,328000,0,0,0,1,0
0,4250601,45,1,328000,0,0,0,1,0
0,4250701,45,1,328000,0,0,0,1,0
0,4250801,45,1,328000,0,0,0,1,0
0,4250901,45,1,328000,0,0,0,1,0
0,4251001,45,1,328000,0,0,0,1,0
0,4251101,45,1,328000,0,0,0,1,0
0,4251301,75,2,491000,0,0,0,1,0
0,4251401,75,2,491000,0,0,0,1,0
0,4250002,45,2,546000,0,0,0,1,0
0,4250102,45,2,546000,0,0,0,1,0
0,4250202,45,2,546000,0,0,0,1,0
0,4250302,45,2,546000,0,0,0,1,0
0,4250402,45,2,546000,0,0,0,1,0
0,4250502,45,2,546000,0,0,0,1,0
0,4250602,45,2,546000,0,0,0,1,0
0,4250702,45,2,546000,0,0,0,1,0
0,4250802,45,2,546000,0,0,0,1,0
0,4250902,45,2,546000,0,0,0,1,0
0,4251002,45,2,546000,0,0,0,1,0
0,4251102,45,2,546000,0,0,0,1,0
0,4251302,75,3,819000,0,0,0,1,0
0,4251402,75,3,819000,0,0,0,1,0
0,4001174,45,1,0,4031966,0,0,1,0
0,4001175,50,1,0,4031967,0,0,1,0
0,4001176,55,1,0,4031968,0,0,10,0
0,4001177,60,1,0,4031969,0,0,100,0
0,4001178,65,1,0,4031970,0,0,5,0
0,4001179,70,1,0,4031971,0,0,7,0
0,4001180,75,2,0,4031972,0,0,1,0
0,4001181,80,2,0,4031973,0,0,1,0
0,4001182,85,2,0,4031974,0,0,6,0
0,4001183,90,2,0,4031975,0,0,30,0
0,4001184,95,2,0,4031976,0,0,2,0
0,4001185,100,2,0,4031977,0,0,1,0
0,4031980,105,2,0,4031979,0,0,1,0
0,4001186,105,3,0,4031978,0,0,1,0
0,4032334,150,1,0,0,0,0,1,0
0,4032312,70,1,0,0,0,0,1,0
0,2041058,50,1,55000,0,1122013,0,1,0
0,2040727,50,1,55000,0,1122013,0,1,0
1,1002028,45,1,55000,0,0,4130018,1,1
1,1002085,45,1,50000,0,0,4130018,1,1
1,1002086,45,1,41000,0,0,4130018,1,1
1,1002022,50,1,60000,0,0,4130018,1,1
1,1002100,50,1,60000,0,0,4130018,1,1
1,1002101,50,1,60000,0,0,4130018,1,1
1,1002029,55,1,82000,0,0,4130018,1,1
1,1002084,55,1,82000,0,0,4130018,1,1
1,1002030,65,1,93000,0,0,4130018,1,1
1,1002094,65,1,93000,0,0,4130018,1,1
1,1002095,65,1,93000,0,0,4130018,1,1
1,1002338,75,2,146000,0,0,4130018,1,2
1,1002339,75,2,146000,0,0,4130018,1,2
1,1002340,75,2,146000,0,0,4130018,1,2
1,1002528,85,2,161000,0,0,4130018,1,2
1,1002529,85,2,161000,0,0,4130018,1,2
1,1002530,85,2,161000,0,0,4130018,1,2
1,1002531,85,2,161000,0,0,4130018,1,2
1,1002532,85,2,161000,0,0,4130018,1,2
1,1002377,95,2,184000,0,0,4130018,1,2
1,1002378,95,2,184000,0,0,4130018,1,2
1,1002379,95,2,184000,0,0,4130018,1,2
1,1002551,105,3,308000,0,0,4130018,1,3
1,1002790,115,3,352000,0,0,4130018,1,3
1,1002776,115,3,352000,0,0,4130018,1,3
1,1040087,45,1,41000,0,0,4130019,1,1
1,1040088,45,1,41000,0,0,4130019,1,1
1,1040089,45,1,41000,0,0,4130019,1,1
1,1041087,45,1,41000,0,0,4130019,1,1
1,1041088,45,1,41000,0,0,4130019,1,1
1,1041089,45,1,41000,0,0,4130019,1,1
1,1040090,55,1,50000,0,0,4130019,1,1
1,1040091,55,1,50000,0,0,4130019,1,1
1,1040092,55,1,50000,0,0,4130019,1,1
1,1040093,55,1,50000,0,0,4130019,1,1
1,1041091,55,1,50000,0,0,4130019,1,1
1,1041092,55,1,50000,0,0,4130019,1,1
1,1041093,55,1,50000,0,0,4130019,1,1
1,1040102,65,1,55000,0,0,4130019,1,1
1,1040103,65,1,55000,0,0,4130019,1,1
1,1040104,65,1,55000,0,0,4130019,1,1
1,1041097,65,1,55000,0,0,4130019,1,1
1,1041098,65,1,55000,0,0,4130019,1,1
1,1041099,65,1,55000,0,0,4130019,1,1
1,1040111,85,2,123000,0,0,4130019,1,2
1,1040112,85,2,123000,0,0,4130019,1,2
1,1040113,85,2,123000,0,0,4130019,1,2
1,1041119,85,2,146000,0,0,4130019,1,2
1,1041120,85,2,146000,0,0,4130019,1,2
1,1041121,85,2,146000,0,0,4130019,1,2
1,1040120,95,2,153000,0,0,4130019,1,2
1,1040121,95,2,153000,0,0,4130019,1,2
1,1040122,95,2,153000,0,0,4130019,1,2
1,1041122,95,2,153000,0,0,4130019,1,2
1,1041123,95,2,153000,0,0,4130019,1,2
1,1041124,95,2,153000,0,0,4130019,1,2
1,1060076,45,1,33000,0,0,4130020,1,1
1,1060077,45,1,33000,0,0,4130020,1,1
1,1060078,45,1,33000,0,0,4130020,1,1
1,1061086,45,1,33000,0,0,4130020,1,1
1,1061087,45,1,33000,0,0,4130020,1,1
1,1061088,45,1,33000,0,0,4130020,1,1
1,1060079,55,1,41000,0,0,4130020,1,1
1,1060080,55,1,41000,0,0,4130020,1,1
1,1060081,55,1,41000,0,0,4130020,1,1
1,1060082,55,1,41000,0,0,4130020,1,1
1,1061090,55,1,41000,0,0,4130020,1,1
1,1061091,55,1,41000,0,0,4130020,1,1
1,1061092,55,1,41000,0,0,4130020,1,1
1,1060090,65,1,50000,0,0,4130020,1,1
1,1060091,65,1,50000,0,0,4130020,1,1
1,1060092,65,1,50000,0,0,4130020,1,1
1,1061096,65,1,50000,0,0,4130020,1,1
1,1061097,65,1,50000,0,0,4130020,1,1
1,1061098,65,1,50000,0,0,4130020,1,1
1,1060100,85,2,107000,0,0,4130020,1,2
1,1060101,85,2,107000,0,0,4130020,1,2
1,1060102,85,2,107000,0,0,4130020,1,2
1,1061118,85,2,130000,0,0,4130020,1,2
1,1061119,85,2,130000,0,0,4130020,1,2
1,1061120,85,2,130000,0,0,4130020,1,2
1,1060109,95,2,138000,0,0,4130020,1,2
1,1060110,95,2,138000,0,0,4130020,1,2
1,1060111,95,2,138000,0,0,4130020,1,2
1,1061121,95,2,138000,0,0,4130020,1,2
1,1061122,95,2,138000,0,0,4130020,1,2
1,1061123,95,2,138000,0,0,4130020,1,2
1,1050080,75,2,138000,0,0,4130021,1,2
1,1050081,75,2,138000,0,0,4130021,1,2
1,1050082,75,2,138000,0,0,4130021,1,2
1,1050083,75,2,138000,0,0,4130021,1,2
1,1051077,75,2,138000,0,0,4130021,1,2
1,1051078,75,2,138000,0,0,4130021,1,2
1,1051079,75,2,138000,0,0,4130021,1,2
1,1051080,75,2,138000,0,0,4130021,1,2
1,1052075,105,3,352000,0,0,4130021,1,3
1,1052160,115,3,418000,0,0,4130021,1,3
1,1052155,115,3,418000,0,0,4130021,1,3
1,1072132,45,1,30000,0,0,4130001,1,1
1,1072133,45,1,30000,0,0,4130001,1,1
1,1072134,45,1,30000,0,0,4130001,1,1
1,1072135,45,1,30000,0,0,4130001,1,1
1,1072147,55,1,39000,0,0,4130001,1,1
1,1072148,55,1,39000,0,0,4130001,1,1
1,1072149,55,1,39000,0,0,4130001,1,1
1,1072154,65,1,47000,0,0,4130001,1,1
1,1072155,65,1,47000,0,0,4130001,1,1
1,1072156,65,1,47000,0,0,4130001,1,1
1,1072210,75,2,84000,0,0,4130001,1,2
1,1072211,75,2,84000,0,0,4130001,1,2
1,1072212,75,2,84000,0,0,4130001,1,2
1,1072196,85,2,115000,0,0,4130001,1,2
1,1072197,85,2,115000,0,0,4130001,1,2
1,1072198,85,2,115000,0,0,4130001,1,2
1,1072220,95,2,138000,0,0,4130001,1,2
1,1072221,95,2,138000,0,0,4130001,1,2
1,1072222,95,2,138000,0,0,4130001,1,2
1,1072273,105,3,231000,0,0,4130001,1,3
1,1072361,115,3,264000,0,0,4130001,1,3
1,1072355,115,3,264000,0,0,4130001,1,3
1,1082009,45,1,50000,0,0,4130000,1,1
1,1082010,45,1,55000,0,0,4130000,1,1
1,1082011,45,1,60000,0,0,4130000,1,1
1,1082059,55,1,66000,0,0,4130000,1,1
1,1082060,55,1,71000,0,0,4130000,1,1
1,1082061,55,1,77000,0,0,4130000,1,1
1,1082103,65,1,82000,0,0,4130000,1,1
1,1082104,65,1,88000,0,0,4130000,1,1
1,1082105,65,1,93000,0,0,4130000,1,1
1,1082114,75,2,161000,0,0,4130000,1,2
1,1082115,75,2,165000,0,0,4130000,1,2
1,1082116,75,2,168000,0,0,4130000,1,2
1,1082117,75,2,168000,0,0,4130000,1,2
1,1082128,85,2,184000,0,0,4130000,1,2
1,1082129,85,2,188000,0,0,4130000,1,2
1,1082130,85,2,191000,0,0,4130000,1,2
1,1082139,95,2,207000,0,0,4130000,1,2
1,1082140,95,2,210000,0,0,4130000,1,2
1,1082141,95,2,214000,0,0,4130000,1,2
1,1082168,105,3,330000,0,0,4130000,1,3
1,1082239,115,3,363000,0,0,4130000,1,3
1,1082234,115,3,363000,0,0,4130000,1,3
1,1092004,45,1,82000,0,0,4130022,1,1
1,1092009,55,1,99000,0,0,4130022,1,1
1,1092010,55,1,104000,0,0,4130022,1,1
1,1092011,55,1,104000,0,0,4130022,1,1
1,1092015,65,1,110000,0,0,4130022,1,1
1,1092016,65,1,115000,0,0,4130022,1,1
1,1092017,65,1,115000,0,0,4130022,1,1
1,1092023,75,2,168000,0,0,4130022,1,2
1,1092024,75,2,176000,0,0,4130022,1,2
1,1092025,75,2,176000,0,0,4130022,1,2
1,1092026,85,2,184000,0,0,4130022,1,2
1,1092027,85,2,191000,0,0,4130022,1,2
1,1092028,85,2,191000,0,0,4130022,1,2
1,1092036,95,2,199000,0,0,4130022,1,2
1,1092037,95,2,207000,0,0,4130022,1,2
1,1092038,95,2,214000,0,0,4130022,1,2
1,1092060,105,3,231000,0,0,4130022,1,3
1,1092058,115,3,385000,0,0,4130022,1,3
1,1302010,45,1,66000,0,0,4130002,1,1
1,1312008,45,1,77000,0,0,4130003,1,1
1,1322017,45,1,77000,0,0,4130004,1,1
1,1402003,45,1,110000,0,0,4130005,1,1
1,1412003,45,1,77000,0,0,4130006,1,1
1,1422005,45,1,82000,0,0,4130007,1,1
1,1432004,45,1,82000,0,0,4130008,1,1
1,1442005,45,1,82000,0,0,4130009,1,1
1,1302011,55,1,82000,0,0,4130002,1,1
1,1312009,55,1,104000,0,0,4130003,1,1
1,1322018,55,1,104000,0,0,4130004,1,1
1,1402011,55,1,126000,0,0,4130005,1,1
1,1412007,55,1,104000,0,0,4130006,1,1
1,1422009,55,1,104000,0,0,4130007,1,1
1,1432006,55,1,104000,0,0,4130008,1,1
1,1442010,55,1,137000,0,0,4130009,1,1
1,1302012,65,1,137000,0,0,4130002,1,1
1,1312010,65,1,165000,0,0,4130003,1,1
1,1322019,65,1,137000,0,0,4130004,1,1
1,1402012,65,1,143000,0,0,4130005,1,1
1,1412008,65,1,137000,0,0,4130006,1,1
1,1422010,65,1,137000,0,0,4130007,1,1
1,1432007,65,1,137000,0,0,4130008,1,1
1,1442008,65,1,165000,0,0,4130009,1,1
1,1322020,70,1,165000,0,0,4130004,1,1
1,1302018,75,2,231000,0,0,4130002,1,2
1,1312011,75,2,269000,0,0,4130003,1,2
1,1322028,75,2,269000,0,0,4130004,1,2
1,1402004,75,2,231000,0,0,4130005,1,2
1,1402015,75,2,231000,0,0,4130005,1,2
1,1412009,75,2,238000,0,0,4130006,1,2
1,1422012,75,2,238000,0,0,4130007,1,2
1,1432010,75,2,238000,0,0,4130008,1,2
1,1442019,75,2,269000,0,0,4130009,1,2
1,1302023,85,2,269000,0,0,4130002,1,2
1,1312015,85,2,308000,0,0,4130003,1,2
1,1322029,85,2,308000,0,0,4130004,1,2
1,1402005,85,2,308000,0,0,4130005,1,2
1,1402016,85,2,308000,0,0,4130005,1,2
1,1412010,85,2,284000,0,0,4130006,1,2
1,1422013,85,2,284000,0,0,4130007,1,2
1,1432011,85,2,284000,0,0,4130008,1,2
1,1442020,85,2,346000,0,0,4130009,1,2
1,1302056,95,2,369000,0,0,4130002,1,2
1,1312030,95,2,361000,0,0,4130003,1,2
1,1322045,95,2,361000,0,0,4130004,1,2
1,1402035,95,2,361000,0,0,4130005,1,2
1,1412021,95,2,377000,0,0,4130006,1,2
1,1422027,95,2,346000,0,0,4130007,1,2
1,1432030,95,2,377000,0,0,4130008,1,2
1,1442044,95,2,361000,0,0,4130009,1,2
1,1302059,105,3,605000,0,0,4130002,1,3
1,1312031,105,3,583000,0,0,4130003,1,3
1,1322052,105,3,528000,0,0,4130004,1,3
1,1402036,105,3,605000,0,0,4130005,1,3
1,1412026,105,3,572000,0,0,4130006,1,3
1,1422028,105,3,561000,0,0,4130007,1,3
1,1432038,105,3,583000,0,0,4130008,1,3
1,1442045,105,3,627000,0,0,4130009,1,3
1,1302086,115,3,748000,0,0,4130002,1,3
1,1312038,115,3,638000,0,0,4130003,1,3
1,1322061,115,3,539000,0,0,4130004,1,3
1,1402047,115,3,715000,0,0,4130005,1,3
1,1412034,115,3,715000,0,0,4130006,1,3
1,1422038,115,3,616000,0,0,4130007,1,3
1,1432049,115,3,627000,0,0,4130008,1,3
1,1442067,115,3,682000,0,0,4130009,1,3
1,1302081,115,3,748000,0,0,4130002,1,3
1,1312037,115,3,638000,0,0,4130003,1,3
1,1322060,115,3,539000,0,0,4130004,1,3
1,1402046,115,3,715000,0,0,4130005,1,3
1,1412033,115,3,715000,0,0,4130006,1,3
1,1422037,115,3,616000,0,0,4130007,1,3
1,1432047,115,3,627000,0,0,4130008,1,3
1,1442063,115,3,682000,0,0,4130009,1,3
2,1002215,45,1,22000,0,0,4130018,1,1
2,1002216,45,1,22000,0,0,4130018,1,1
2,1002217,45,1,22000,0,0,4130018,1,1
2,1002218,45,1,22000,0,0,4130018,1,1
2,1002242,55,1,28000,0,0,4130018,1,1
2,1002243,55,1,28000,0,0,4130018,1,1
2,1002244,55,1,28000,0,0,4130018,1,1
2,1002245,55,1,28000,0,0,4130018,1,1
2,1002246,55,1,28000,0,0,4130018,1,1
2,1002252,65,1,44000,0,0,4130018,1,1
2,1002253,65,1,44000,0,0,4130018,1,1
2,1002254,65,1,44000,0,0,4130018,1,1
2,1002271,75,2,73000,0,0,4130018,1,2
2,1002272,75,2,73000,0,0,4130018,1,2
2,1002273,75,2,73000,0,0,4130018,1,2
2,1002274,75,2,73000,0,0,4130018,1,2
2,1002363,85,2,84000,0,0,4130018,1,2
2,1002364,85,2,84000,0,0,4130018,1,2
2,1002365,85,2,84000,0,0,4130018,1,2
2,1002366,85,2,84000,0,0,4130018,1,2
2,1002398,95,2,96000,0,0,4130018,1,2
2,1002399,95,2,96000,0,0,4130018,1,2
2,1002400,95,2,96000,0,0,4130018,1,2
2,1002401,95,2,96000,0,0,4130018,1,2
2,1002773,105,3,165000,0,0,4130018,1,3
2,1002791,115,3,187000,0,0,4130018,1,3
2,1002777,115,3,187000,0,0,4130018,1,3
2,1050045,43,1,50000,0,0,4130021,1,1
2,1050046,43,1,50000,0,0,4130021,1,1
2,1050047,43,1,50000,0,0,4130021,1,1
2,1050048,43,1,50000,0,0,4130021,1,1
2,1050049,43,1,50000,0,0,4130021,1,1
2,1051030,43,1,50000,0,0,4130021,1,1
2,1051031,43,1,50000,0,0,4130021,1,1
2,1051032,43,1,50000,0,0,4130021,1,1
2,1051033,43,1,50000,0,0,4130021,1,1
2,1051034,43,1,50000,0,0,4130021,1,1
2,1050053,53,1,55000,0,0,4130021,1,1
2,1050054,53,1,55000,0,0,4130021,1,1
2,1050055,53,1,55000,0,0,4130021,1,1
2,1050056,53,1,55000,0,0,4130021,1,1
2,1051044,53,1,55000,0,0,4130021,1,1
2,1051045,53,1,55000,0,0,4130021,1,1
2,1051046,53,1,55000,0,0,4130021,1,1
2,1051047,53,1,55000,0,0,4130021,1,1
2,1050067,63,1,66000,0,0,4130021,1,1
2,1050068,63,1,66000,0,0,4130021,1,1
2,1050069,63,1,66000,0,0,4130021,1,1
2,1050070,63,1,66000,0,0,4130021,1,1
2,1051052,63,1,66000,0,0,4130021,1,1
2,1051053,63,1,66000,0,0,4130021,1,1
2,1051054,63,1,66000,0,0,4130021,1,1
2,1051055,63,1,66000,0,0,4130021,1,1
2,1050072,73,2,123000,0,0,4130021,1,2
2,1050073,73,2,123000,0,0,4130021,1,2
2,1050074,73,2,123000,0,0,4130021,1,2
2,1051056,73,2,123000,0,0,4130021,1,2
2,1051057,73,2,123000,0,0,4130021,1,2
2,1051058,73,2,123000,0,0,4130021,1,2
2,1050092,83,2,153000,0,0,4130021,1,2
2,1050093,83,2,153000,0,0,4130021,1,2
2,1050094,83,2,153000,0,0,4130021,1,2
2,1050095,83,2,153000,0,0,4130021,1,2
2,1051094,83,2,153000,0,0,4130021,1,2
2,1051095,83,2,153000,0,0,4130021,1,2
2,1051096,83,2,153000,0,0,4130021,1,2
2,1051097,83,2,153000,0,0,4130021,1,2
2,1050102,93,2,184000,0,0,4130021,1,2
2,1050103,93,2,184000,0,0,4130021,1,2
2,1050104,93,2,184000,0,0,4130021,1,2
2,1050105,93,2,184000,0,0,4130021,1,2
2,1051101,93,2,184000,0,0,4130021,1,2
2,1051102,93,2,184000,0,0,4130021,1,2
2,1051103,93,2,184000,0,0,4130021,1,2
2,1051104,93,2,184000,0,0,4130021,1,2
2,1052076,103,3,319000,0,0,4130021,1,3
2,1052161,115,3,374000,0,0,4130021,1,3
2,1052156,115,3,374000,0,0,4130021,1,3
2,1072140,45,1,30000,0,0,4130001,1,1
2,1072141,45,1,30000,0,0,4130001,1,1
2,1072142,45,1,30000,0,0,4130001,1,1
2,1072143,45,1,30000,0,0,4130001,1,1
2,1072136,55,1,33000,0,0,4130001,1,1
2,1072137,55,1,33000,0,0,4130001,1,1
2,1072138,55,1,33000,0,0,4130001,1,1
2,1072139,55,1,33000,0,0,4130001,1,1
2,1072157,65,1,44000,0,0,4130001,1,1
2,1072158,65,1,44000,0,0,4130001,1,1
2,1072159,65,1,44000,0,0,4130001,1,1
2,1072160,65,1,44000,0,0,4130001,1,1
2,1072177,75,2,77000,0,0,4130001,1,2
2,1072178,75,2,77000,0,0,4130001,1,2
2,1072179,75,2,77000,0,0,4130001,1,2
2,1072206,85,2,92000,0,0,4130001,1,2
2,1072207,85,2,92000,0,0,4130001,1,2
2,1072208,85,2,92000,0,0,4130001,1,2
2,1072209,85,2,92000,0,0,4130001,1,2
2,1072223,95,2,107000,0,0,4130001,1,2
2,1072224,95,2,107000,0,0,4130001,1,2
2,1072225,95,2,107000,0,0,4130001,1,2
2,1072226,95,2,107000,0,0,4130001,1,2
2,1072268,105,3,198000,0,0,4130001,1,3
2,1072362,115,3,242000,0,0,4130001,1,3
2,1072356,115,3,242000,0,0,4130001,1,3
2,1082080,45,1,55000,0,0,4130000,1,1
2,1082081,45,1,44000,0,0,4130000,1,1
2,1082082,45,1,50000,0,0,4130000,1,1
2,1082086,55,1,58000,0,0,4130000,1,1
2,1082087,55,1,63000,0,0,4130000,1,1
2,1082088,55,1,69000,0,0,4130000,1,1
2,1082098,65,1,77000,0,0,4130000,1,1
2,1082099,65,1,80000,0,0,4130000,1,1
2,1082100,65,1,82000,0,0,4130000,1,1
2,1082121,75,2,153000,0,0,4130000,1,2
2,1082122,75,2,157000,0,0,4130000,1,2
2,1082123,75,2,161000,0,0,4130000,1,2
2,1082131,85,2,176000,0,0,4130000,1,2
2,1082132,85,2,180000,0,0,4130000,1,2
2,1082133,85,2,180000,0,0,4130000,1,2
2,1082134,85,2,184000,0,0,4130000,1,2
2,1082151,95,2,199000,0,0,4130000,1,2
2,1082152,95,2,203000,0,0,4130000,1,2
2,1082153,95,2,203000,0,0,4130000,1,2
2,1082154,95,2,207000,0,0,4130000,1,2
2,1082164,105,3,330000,0,0,4130000,1,3
2,1082240,115,3,363000,0,0,4130000,1,3
2,1082235,115,3,363000,0,0,4130000,1,3
2,1092057,115,3,385000,0,0,4130022,1,3
2,1372007,43,1,110000,0,0,4130010,1,1
2,1382006,50,1,82000,0,0,4130011,1,1
2,1372014,53,1,126000,0,0,4130010,1,1
2,1382007,60,1,110000,0,0,4130011,1,1
2,1372015,63,1,143000,0,0,4130010,1,1
2,1382010,70,1,137000,0,0,4130011,1,1
2,1372016,73,2,223000,0,0,4130010,1,2
2,1382008,80,2,238000,0,0,4130011,1,2
2,1372009,83,2,250000,0,0,4130010,1,2
2,1382035,90,2,292000,0,0,4130011,1,2
2,1372010,93,2,277000,0,0,4130010,1,2
2,1372032,103,3,506000,0,0,4130010,1,3
2,1382036,105,3,517000,0,0,4130011,1,3
2,1372045,115,3,561000,0,0,4130010,1,3
2,1382059,115,3,572000,0,0,4130011,1,3
2,1372044,115,3,561000,0,0,4130010,1,3
2,1382057,115,3,572000,0,0,4130011,1,3
4,1002211,45,1,22000,0,0,4130018,1,1
4,1002212,45,1,22000,0,0,4130018,1,1
4,1002213,45,1,22000,0,0,4130018,1,1
4,1002214,45,1,22000,0,0,4130018,1,1
4,1002267,55,1,30000,0,0,4130018,1,1
4,1002268,55,1,30000,0,0,4130018,1,1
4,1002269,55,1,30000,0,0,4130018,1,1
4,1002270,55,1,30000,0,0,4130018,1,1
4,1002286,65,1,47000,0,0,4130018,1,1
4,1002287,65,1,47000,0,0,4130018,1,1
4,1002288,65,1,47000,0,0,4130018,1,1
4,1002289,65,1,47000,0,0,4130018,1,1
4,1002275,75,2,77000,0,0,4130018,1,2
4,1002276,75,2,77000,0,0,4130018,1,2
4,1002277,75,2,77000,0,0,4130018,1,2
4,1002278,75,2,77000,0,0,4130018,1,2
4,1002402,85,2,88000,0,0,4130018,1,2
4,1002403,85,2,88000,0,0,4130018,1,2
4,1002404,85,2,88000,0,0,4130018,1,2
4,1002405,85,2,88000,0,0,4130018,1,2
4,1002406,95,2,100000,0,0,4130018,1,2
4,1002407,95,2,100000,0,0,4130018,1,2
4,1002408,95,2,100000,0,0,4130018,1,2
4,1002547,105,3,165000,0,0,4130018,1,3
4,1002792,115,3,187000,0,0,4130018,1,3
4,1002778,115,3,187000,0,0,4130018,1,3
4,1050051,45,1,52000,0,0,4130021,1,1
4,1050052,45,1,52000,0,0,4130021,1,1
4,1051037,45,1,52000,0,0,4130021,1,1
4,1051038,45,1,52000,0,0,4130021,1,1
4,1051039,45,1,52000,0,0,4130021,1,1
4,1050058,55,1,58000,0,0,4130021,1,1
4,1050059,55,1,58000,0,0,4130021,1,1
4,1050060,55,1,58000,0,0,4130021,1,1
4,1051041,55,1,58000,0,0,4130021,1,1
4,1051042,55,1,58000,0,0,4130021,1,1
4,1051043,55,1,58000,0,0,4130021,1,1
4,1050061,65,1,63000,0,0,4130021,1,1
4,1050062,65,1,63000,0,0,4130021,1,1
4,1050063,65,1,63000,0,0,4130021,1,1
4,1050064,65,1,63000,0,0,4130021,1,1
4,1051062,65,1,63000,0,0,4130021,1,1
4,1051063,65,1,63000,0,0,4130021,1,1
4,1051064,65,1,63000,0,0,4130021,1,1
4,1051065,65,1,63000,0,0,4130021,1,1
4,1050075,75,2,107000,0,0,4130021,1,2
4,1050076,75,2,107000,0,0,4130021,1,2
4,1050077,75,2,107000,0,0,4130021,1,2
4,1050078,75,2,107000,0,0,4130021,1,2
4,1051066,75,2,107000,0,0,4130021,1,2
4,1051067,75,2,107000,0,0,4130021,1,2
4,1051068,75,2,107000,0,0,4130021,1,2
4,1051069,75,2,107000,0,0,4130021,1,2
4,1050088,85,2,153000,0,0,4130021,1,2
4,1050089,85,2,153000,0,0,4130021,1,2
4,1050090,85,2,153000,0,0,4130021,1,2
4,1050091,85,2,153000,0,0,4130021,1,2
4,1051082,85,2,153000,0,0,4130021,1,2
4,1051083,85,2,153000,0,0,4130021,1,2
4,1051084,85,2,153000,0,0,4130021,1,2
4,1051085,85,2,153000,0,0,4130021,1,2
4,1050106,95,2,184000,0,0,4130021,1,2
4,1050107,95,2,184000,0,0,4130021,1,2
4,1050108,95,2,184000,0,0,4130021,1,2
4,1051105,95,2,184000,0,0,4130021,1,2
4,1051106,95,2,184000,0,0,4130021,1,2
4,1051107,95,2,184000,0,0,4130021,1,2
4,1052071,105,3,330000,0,0,4130021,1,3
4,1052162,115,3,396000,0,0,4130021,1,3
4,1052157,115,3,396000,0,0,4130021,1,3
4,1072122,45,1,28000,0,0,4130001,1,1
4,1072123,45,1,28000,0,0,4130001,1,1
4,1072124,45,1,28000,0,0,4130001,1,1
4,1072125,45,1,28000,0,0,4130001,1,1
4,1072144,55,1,36000,0,0,4130001,1,1
4,1072145,55,1,36000,0,0,4130001,1,1
4,1072146,55,1,36000,0,0,4130001,1,1
4,1072164,65,1,50000,0,0,4130001,1,1
4,1072165,65,1,50000,0,0,4130001,1,1
4,1072166,65,1,50000,0,0,4130001,1,1
4,1072167,65,1,50000,0,0,4130001,1,1
4,1072182,75,2,84000,0,0,4130001,1,2
4,1072183,75,2,84000,0,0,4130001,1,2
4,1072184,75,2,84000,0,0,4130001,1,2
4,1072185,75,2,84000,0,0,4130001,1,2
4,1072203,85,2,107000,0,0,4130001,1,2
4,1072204,85,2,107000,0,0,4130001,1,2
4,1072205,85,2,107000,0,0,4130001,1,2
4,1072227,95,2,130000,0,0,4130001,1,2
4,1072228,95,2,130000,0,0,4130001,1,2
4,1072229,95,2,130000,0,0,4130001,1,2
4,1072269,105,3,198000,0,0,4130001,1,3
4,1072363,115,3,220000,0,0,4130001,1,3
4,1072357,115,3,220000,0,0,4130001,1,3
4,1082083,45,1,58000,0,0,4130000,1,1
4,1082084,45,1,47000,0,0,4130000,1,1
4,1082085,45,1,52000,0,0,4130000,1,1
4,1082089,55,1,60000,0,0,4130000,1,1
4,1082090,55,1,66000,0,0,4130000,1,1
4,1082091,55,1,71000,0,0,4130000,1,1
4,1082106,65,1,77000,0,0,4130000,1,1
4,1082107,65,1,82000,0,0,4130000,1,1
4,1082108,65,1,88000,0,0,4130000,1,1
4,1082109,75,2,153000,0,0,4130000,1,2
4,1082110,75,2,157000,0,0,4130000,1,2
4,1082111,75,2,157000,0,0,4130000,1,2
4,1082112,75,2,161000,0,0,4130000,1,2
4,1082125,85,2,176000,0,0,4130000,1,2
4,1082126,85,2,180000,0,0,4130000,1,2
4,1082127,85,2,184000,0,0,4130000,1,2
4,1082158,95,2,199000,0,0,4130000,1,2
4,1082159,95,2,203000,0,0,4130000,1,2
4,1082160,95,2,207000,0,0,4130000,1,2
4,1082163,105,3,330000,0,0,4130000,1,3
4,1082241,115,3,363000,0,0,4130000,1,3
4,1082236,115,3,363000,0,0,4130000,1,3
4,1452008,45,1,110000,0,0,4130012,1,1
4,1462007,45,1,93000,0,0,4130013,1,1
4,1452004,55,1,137000,0,0,4130012,1,1
4,1462008,55,1,132000,0,0,4130013,1,1
4,1452009,65,1,165000,0,0,4130012,1,1
4,1452010,65,1,165000,0,0,4130012,1,1
4,1452011,65,1,165000,0,0,4130012,1,1
4,1462009,65,1,165000,0,0,4130013,1,1
4,1452012,75,2,269000,0,0,4130012,1,2
4,1452013,75,2,269000,0,0,4130012,1,2
4,1452014,75,2,269000,0,0,4130012,1,2
4,1452015,75,2,269000,0,0,4130012,1,2
4,1462010,75,2,269000,0,0,4130013,1,2
4,1462011,75,2,269000,0,0,4130013,1,2
4,1462012,75,2,269000,0,0,4130013,1,2
4,1462013,75,2,269000,0,0,4130013,1,2
4,1452017,85,2,308000,0,0,4130012,1,2
4,1462018,85,2,308000,0,0,4130013,1,2
4,1452019,95,2,346000,0,0,4130012,1,2
4,1452020,95,2,346000,0,0,4130012,1,2
4,1452021,95,2,346000,0,0,4130012,1,2
4,1462015,95,2,346000,0,0,4130013,1,2
4,1462016,95,2,346000,0,0,4130013,1,2
4,1462017,95,2,346000,0,0,4130013,1,2
4,1452044,105,3,550000,0,0,4130012,1,3
4,1462039,105,3,550000,0,0,4130013,1,3
4,1452059,115,3,605000,0,0,4130012,1,3
4,1462051,115,3,605000,0,0,4130013,1,3
4,1452057,115,3,605000,0,0,4130012,1,3
4,1462050,115,3,605000,0,0,4130013,1,3
8,1002207,45,1,22000,0,0,4130018,1,1
8,1002208,45,1,22000,0,0,4130018,1,1
8,1002209,45,1,22000,0,0,4130018,1,1
8,1002210,45,1,22000,0,0,4130018,1,1
8,1002247,55,1,30000,0,0,4130018,1,1
8,1002248,55,1,30000,0,0,4130018,1,1
8,1002249,55,1,30000,0,0,4130018,1,1
8,1002281,65,1,47000,0,0,4130018,1,1
8,1002282,65,1,47000,0,0,4130018,1,1
8,1002283,65,1,47000,0,0,4130018,1,1
8,1002284,65,1,47000,0,0,4130018,1,1
8,1002285,65,1,47000,0,0,4130018,1,1
8,1002327,75,2,77000,0,0,4130018,1,2
8,1002328,75,2,77000,0,0,4130018,1,2
8,1002329,75,2,77000,0,0,4130018,1,2
8,1002330,75,2,77000,0,0,4130018,1,2
8,1002323,85,2,88000,0,0,4130018,1,2
8,1002324,85,2,88000,0,0,4130018,1,2
8,1002325,85,2,88000,0,0,4130018,1,2
8,1002326,85,2,88000,0,0,4130018,1,2
8,1002380,95,2,100000,0,0,4130018,1,2
8,1002381,95,2,100000,0,0,4130018,1,2
8,1002382,95,2,100000,0,0,4130018,1,2
8,1002383,95,2,100000,0,0,4130018,1,2
8,1002550,105,3,165000,0,0,4130018,1,3
8,1002793,115,3,209000,0,0,4130018,1,3
8,1002779,115,3,209000,0,0,4130018,1,3
8,1040094,45,1,41000,0,0,4130019,1,1
8,1040095,45,1,41000,0,0,4130019,1,1
8,1040096,45,1,41000,0,0,4130019,1,1
8,1040097,45,1,41000,0,0,4130019,1,1
8,1041077,45,1,41000,0,0,4130019,1,1
8,1041078,45,1,41000,0,0,4130019,1,1
8,1041079,45,1,41000,0,0,4130019,1,1
8,1041080,45,1,41000,0,0,4130019,1,1
8,1040098,55,1,50000,0,0,4130019,1,1
8,1040099,55,1,50000,0,0,4130019,1,1
8,1040100,55,1,50000,0,0,4130019,1,1
8,1041094,55,1,50000,0,0,4130019,1,1
8,1041095,55,1,50000,0,0,4130019,1,1
8,1041096,55,1,50000,0,0,4130019,1,1
8,1040105,65,1,55000,0,0,4130019,1,1
8,1040106,65,1,55000,0,0,4130019,1,1
8,1040107,65,1,55000,0,0,4130019,1,1
8,1041100,65,1,55000,0,0,4130019,1,1
8,1041101,65,1,55000,0,0,4130019,1,1
8,1041102,65,1,55000,0,0,4130019,1,1
8,1041103,65,1,55000,0,0,4130019,1,1
8,1040108,75,2,107000,0,0,4130019,1,2
8,1040109,75,2,107000,0,0,4130019,1,2
8,1040110,75,2,107000,0,0,4130019,1,2
8,1041105,75,2,107000,0,0,4130019,1,2
8,1041106,75,2,107000,0,0,4130019,1,2
8,1041107,75,2,107000,0,0,4130019,1,2
8,1040115,85,2,138000,0,0,4130019,1,2
8,1040116,85,2,138000,0,0,4130019,1,2
8,1040117,85,2,138000,0,0,4130019,1,2
8,1040118,85,2,138000,0,0,4130019,1,2
8,1041115,85,2,138000,0,0,4130019,1,2
8,1041116,85,2,138000,0,0,4130019,1,2
8,1041117,85,2,138000,0,0,4130019,1,2
8,1041118,85,2,138000,0,0,4130019,1,2
8,1060083,45,1,33000,0,0,4130020,1,1
8,1060084,45,1,33000,0,0,4130020,1,1
8,1060085,45,1,33000,0,0,4130020,1,1
8,1060086,45,1,33000,0,0,4130020,1,1
8,1061076,45,1,33000,0,0,4130020,1,1
8,1061077,45,1,33000,0,0,4130020,1,1
8,1061078,45,1,33000,0,0,4130020,1,1
8,1061079,45,1,33000,0,0,4130020,1,1
8,1060087,55,1,41000,0,0,4130020,1,1
8,1060088,55,1,41000,0,0,4130020,1,1
8,1060089,55,1,41000,0,0,4130020,1,1
8,1061093,55,1,41000,0,0,4130020,1,1
8,1061094,55,1,41000,0,0,4130020,1,1
8,1061095,55,1,41000,0,0,4130020,1,1
8,1060093,65,1,50000,0,0,4130020,1,1
8,1060094,65,1,50000,0,0,4130020,1,1
8,1060095,65,1,50000,0,0,4130020,1,1
8,1061099,65,1,50000,0,0,4130020,1,1
8,1061100,65,1,50000,0,0,4130020,1,1
8,1061101,65,1,50000,0,0,4130020,1,1
8,1061102,65,1,50000,0,0,4130020,1,1
8,1060097,75,2,92000,0,0,4130020,1,2
8,1060098,75,2,92000,0,0,4130020,1,2
8,1060099,75,2,92000,0,0,4130020,1,2
8,1061104,75,2,92000,0,0,4130020,1,2
8,1061105,75,2,92000,0,0,4130020,1,2
8,1061106,75,2,92000,0,0,4130020,1,2
8,1060104,85,2,123000,0,0,4130020,1,2
8,1060105,85,2,123000,0,0,4130020,1,2
8,1060106,85,2,123000,0,0,4130020,1,2
8,1060107,85,2,123000,0,0,4130020,1,2
8,1061114,85,2,123000,0,0,4130020,1,2
8,1061115,85,2,123000,0,0,4130020,1,2
8,1061116,85,2,123000,0,0,4130020,1,2
8,1061117,85,2,123000,0,0,4130020,1,2
8,1050096,95,2,184000,0,0,4130021,1,2
8,1050097,95,2,184000,0,0,4130021,1,2
8,1050098,95,2,184000,0,0,4130021,1,2
8,1050099,95,2,184000,0,0,4130021,1,2
8,1051090,95,2,184000,0,0,4130021,1,2
8,1051091,95,2,184000,0,0,4130021,1,2
8,1051092,95,2,184000,0,0,4130021,1,2
8,1051093,95,2,184000,0,0,4130021,1,2
8,1052072,105,3,330000,0,0,4130021,1,3
8,1052163,115,3,396000,0,0,4130021,1,3
8,1052158,115,3,396000,0,0,4130021,1,3
8,1072128,45,1,28000,0,0,4130001,1,1
8,1072129,45,1,28000,0,0,4130001,1,1
8,1072130,45,1,28000,0,0,4130001,1,1
8,1072131,45,1,28000,0,0,4130001,1,1
8,1072150,55,1,36000,0,0,4130001,1,1
8,1072151,55,1,36000,0,0,4130001,1,1
8,1072152,55,1,39000,0,0,4130001,1,1
8,1072161,65,1,50000,0,0,4130001,1,1
8,1072162,65,1,50000,0,0,4130001,1,1
8,1072163,65,1,50000,0,0,4130001,1,1
8,1072172,75,2,84000,0,0,4130001,1,2
8,1072173,75,2,84000,0,0,4130001,1,2
8,1072174,75,2,84000,0,0,4130001,1,2
8,1072192,85,2,107000,0,0,4130001,1,2
8,1072193,85,2,107000,0,0,4130001,1,2
8,1072194,85,2,107000,0,0,4130001,1,2
8,1072195,85,2,107000,0,0,4130001,1,2
8,1072213,95,2,130000,0,0,4130001,1,2
8,1072214,95,2,130000,0,0,4130001,1,2
8,1072215,95,2,130000,0,0,4130001,1,2
8,1072216,95,2,130000,0,0,4130001,1,2
8,1072272,105,3,215000,0,0,4130001,1,3
8,1072364,115,3,248000,0,0,4130001,1,3
8,1072358,115,3,248000,0,0,4130001,1,3
8,1082065,45,1,47000,0,0,4130000,1,1
8,1082066,45,1,52000,0,0,4130000,1,1
8,1082067,45,1,50000,0,0,4130000,1,1
8,1082092,55,1,60000,0,0,4130000,1,1
8,1082093,55,1,66000,0,0,4130000,1,1
8,1082094,55,1,71000,0,0,4130000,1,1
8,1082095,65,1,82000,0,0,4130000,1,1
8,1082096,65,1,88000,0,0,4130000,1,1
8,1082097,65,1,93000,0,0,4130000,1,1
8,1082118,75,2,153000,0,0,4130000,1,2
8,1082119,75,2,157000,0,0,4130000,1,2
8,1082120,75,2,161000,0,0,4130000,1,2
8,1082142,85,2,165000,0,0,4130000,1,2
8,1082143,85,2,165000,0,0,4130000,1,2
8,1082144,85,2,165000,0,0,4130000,1,2
8,1082135,95,2,199000,0,0,4130000,1,2
8,1082136,95,2,203000,0,0,4130000,1,2
8,1082137,95,2,203000,0,0,4130000,1,2
8,1082138,95,2,207000,0,0,4130000,1,2
8,1082167,105,3,330000,0,0,4130000,1,3
8,1082242,115,3,363000,0,0,4130000,1,3
8,1082237,115,3,363000,0,0,4130000,1,3
8,1092059,115,3,385000,0,0,4130022,1,3
8,1332003,45,1,121000,0,0,4130014,1,1
8,1472018,45,1,55000,0,0,4130015,1,1
8,1472019,45,1,57000,0,0,4130015,1,1
8,1472020,45,1,57000,0,0,4130015,1,1
8,1472021,45,1,60000,0,0,4130015,1,1
8,1332016,45,1,121000,0,0,4130014,1,1
8,1332015,55,1,137000,0,0,4130014,1,1
8,1472022,55,1,137000,0,0,4130015,1,1
8,1472023,55,1,140000,0,0,4130015,1,1
8,1472024,55,1,140000,0,0,4130015,1,1
8,1472025,55,1,143000,0,0,4130015,1,1
8,1332017,55,1,137000,0,0,4130014,1,1
8,1332018,65,1,154000,0,0,4130014,1,1
8,1472026,65,1,165000,0,0,4130015,1,1
8,1472027,65,1,167000,0,0,4130015,1,1
8,1472028,65,1,167000,0,0,4130015,1,1
8,1472029,65,1,170000,0,0,4130015,1,1
8,1332019,65,1,154000,0,0,4130014,1,1
8,1472031,75,2,308000,0,0,4130015,1,2
8,1332022,75,2,238000,0,0,4130014,1,2
8,1332023,75,2,238000,0,0,4130014,1,2
8,1332027,85,2,261000,0,0,4130014,1,2
8,1472033,85,2,346000,0,0,4130015,1,2
8,1332026,85,2,261000,0,0,4130014,1,2
8,1332052,95,2,308000,0,0,4130014,1,2
8,1472053,95,2,392000,0,0,4130015,1,2
8,1332051,95,2,308000,0,0,4130014,1,2
8,1332050,105,3,495000,0,0,4130014,1,3
8,1472051,105,3,627000,0,0,4130015,1,3
8,1472052,105,3,627000,0,0,4130015,1,3
8,1332049,105,3,495000,0,0,4130014,1,3
8,1332075,115,3,550000,0,0,4130014,1,3
8,1332076,115,3,550000,0,0,4130014,1,3
8,1472071,115,3,693000,0,0,4130015,1,3
8,1332073,115,3,550000,0,0,4130014,1,3
8,1332074,115,3,561000,0,0,4130014,1,3
8,1472068,115,3,693000,0,0,4130015,1,3
16,1002631,45,1,22000,0,0,4130018,1,1
16,1002634,55,1,30000,0,0,4130018,1,1
16,1002637,65,1,47000,0,0,4130018,1,1
16,1002640,75,2,77000,0,0,4130018,1,2
16,1002643,85,2,88000,0,0,4130018,1,2
16,1002646,95,2,100000,0,0,4130018,1,2
16,1002649,105,3,165000,0,0,4130018,1,3
16,1002794,115,3,187000,0,0,4130018,1,3
16,1002780,115,3,187000,0,0,4130018,1,3
16,1052116,45,1,52000,0,0,4130021,1,1
16,1052119,55,1,55000,0,0,4130021,1,1
16,1052122,65,1,63000,0,0,4130021,1,1
16,1052125,75,2,138000,0,0,4130021,1,2
16,1052128,85,2,153000,0,0,4130021,1,2
16,1052131,95,2,184000,0,0,4130021,1,2
16,1052134,105,3,330000,0,0,4130021,1,3
16,1052164,115,3,396000,0,0,4130021,1,3
16,1052159,115,3,396000,0,0,4130021,1,3
16,1072303,45,1,28000,0,0,4130001,1,1
16,1072306,55,1,36000,0,0,4130001,1,1
16,1072309,65,1,50000,0,0,4130001,1,1
16,1072312,75,2,84000,0,0,4130001,1,2
16,1072315,85,2,107000,0,0,4130001,1,2
16,1072318,95,2,130000,0,0,4130001,1,2
16,1072321,105,3,198000,0,0,4130001,1,3
16,1072365,115,3,220000,0,0,4130001,1,3
16,1072359,115,3,220000,0,0,4130001,1,3
16,1082198,45,1,47000,0,0,4130000,1,1
16,1082201,55,1,60000,0,0,4130000,1,1
16,1082204,65,1,82000,0,0,4130000,1,1
16,1082207,75,2,153000,0,0,4130000,1,2
16,1082210,85,2,176000,0,0,4130000,1,2
16,1082213,95,2,203000,0,0,4130000,1,2
16,1082216,105,3,330000,0,0,4130000,1,3
16,1082243,115,3,369000,0,0,4130000,1,3
16,1082238,115,3,369000,0,0,4130000,1,3
16,1482007,45,1,71000,0,0,4130016,1,1
16,1492007,45,1,77000,0,0,4130017,1,1
16,1482008,55,1,132000,0,0,4130016,1,1
16,1492008,55,1,137000,0,0,4130017,1,1
16,1482009,65,1,165000,0,0,4130016,1,1
16,1492009,65,1,170000,0,0,4130017,1,1
16,1482010,75,2,269000,0,0,4130016,1,2
16,1492010,75,2,269000,0,0,4130017,1,2
16,1482011,85,2,300000,0,0,4130016,1,2
16,1492011,85,2,308000,0,0,4130017,1,2
16,1482012,95,2,338000,0,0,4130016,1,2
16,1492012,95,2,346000,0,0,4130017,1,2
16,1482013,105,3,561000,0,0,4130016,1,3
16,1492013,105,3,572000,0,0,4130017,1,3
16,1482024,115,3,616000,0,0,4130016,1,3
16,1492025,115,3,627000,0,0,4130017,1,3
16,1482023,115,3,616000,0,0,4130016,1,3
16,1492023,115,3,627000,0,0,4130017,1,3
